Participant ID,Trial no,Target Color,Dist1,Dist2,Response,Accuracy
4,1,"(-1.0, -0.6062992125984252, 0.2578125)","(-1.0, -0.6062992125984252, 0.2578125)","(-1.0, -0.6062992125984252, -0.21259842519685046)",left,1
Participant ID,Trial no,Target Color,Dist1,Dist2,Response,Accuracy
4,1,"(-1.0, -0.6062992125984252, 0.0234375)","(-1.0, -0.6062992125984252, -0.13385826771653542)","(-1.0, -0.6062992125984252, 0.0234375)",left,0
4,2,"(-0.055118110236220486, -1.0, -0.7637795275590551)","(0.1796875, -1.0, -0.7637795275590551)","(-0.055118110236220486, -1.0, -0.7637795275590551)",right,1
4,3,"(-0.055118110236220486, -1.0, -0.7637795275590551)","(0.1015625, -1.0, -0.7637795275590551)","(-0.055118110236220486, -1.0, -0.7637795275590551)",right,1
4,4,"(-1.0, -0.6062992125984252, 0.0234375)","(-1.0, -0.6062992125984252, 0.2578125)","(-1.0, -0.6062992125984252, 0.0234375)",right,1
4,5,"(0.1796875, -0.21259842519685046, 0.1796875)","(0.1796875, -0.21259842519685046, 0.1796875)","(0.1796875, -0.21259842519685046, -0.055118110236220486)",left,1
4,6,"(0.7265625, 0.1015625, -1.0)","(0.7265625, 0.1015625, -1.0)","(0.7265625, -0.13385826771653542, -1.0)",left,1
4,7,"(-0.21259842519685046, -1.0, -0.7637795275590551)","(0.1796875, -1.0, -0.7637795275590551)","(-0.21259842519685046, -1.0, -0.7637795275590551)",right,1
4,8,"(-0.21259842519685046, -0.21259842519685046, -1.0)","(-0.21259842519685046, -0.21259842519685046, -1.0)","(-0.21259842519685046, -0.13385826771653542, -1.0)",left,1
4,9,"(0.7265625, 0.2578125, -1.0)","(0.7265625, 0.2578125, -1.0)","(0.7265625, 0.3359375, -1.0)",left,1
4,10,"(0.1796875, -0.21259842519685046, -0.13385826771653542)","(0.1796875, -0.21259842519685046, -0.055118110236220486)","(0.1796875, -0.21259842519685046, -0.13385826771653542)",left,0
4,11,"(0.1796875, -0.21259842519685046, 0.3359375)","(0.1796875, -0.21259842519685046, 0.0234375)","(0.1796875, -0.21259842519685046, 0.3359375)",right,1
4,12,"(0.7265625, -0.13385826771653542, -1.0)","(0.7265625, -0.13385826771653542, -1.0)","(0.7265625, -0.21259842519685046, -1.0)",right,0
4,13,"(-0.21259842519685046, -1.0, -0.7637795275590551)","(0.3359375, -1.0, -0.7637795275590551)","(-0.21259842519685046, -1.0, -0.7637795275590551)",right,1
4,14,"(0.1796875, -0.21259842519685046, 0.1015625)","(0.1796875, -0.21259842519685046, 0.1015625)","(0.1796875, -0.21259842519685046, -0.21259842519685046)",left,1
4,15,"(0.7265625, 0.0234375, -1.0)","(0.7265625, 0.1796875, -1.0)","(0.7265625, 0.0234375, -1.0)",right,1
4,16,"(0.1796875, -1.0, -0.7637795275590551)","(0.1796875, -1.0, -0.7637795275590551)","(0.2578125, -1.0, -0.7637795275590551)",right,0
4,17,"(-0.13385826771653542, -1.0, -0.7637795275590551)","(-0.21259842519685046, -1.0, -0.7637795275590551)","(-0.13385826771653542, -1.0, -0.7637795275590551)",right,1
4,18,"(-1.0, -0.6062992125984252, -0.13385826771653542)","(-1.0, -0.6062992125984252, 0.2578125)","(-1.0, -0.6062992125984252, -0.13385826771653542)",right,1
4,19,"(-1.0, -0.6062992125984252, -0.21259842519685046)","(-1.0, -0.6062992125984252, -0.21259842519685046)","(-1.0, -0.6062992125984252, -0.13385826771653542)",right,0
4,20,"(0.1796875, -0.21259842519685046, 0.0234375)","(0.1796875, -0.21259842519685046, 0.0234375)","(0.1796875, -0.21259842519685046, -0.055118110236220486)",left,1
4,21,"(0.1796875, -0.21259842519685046, 0.2578125)","(0.1796875, -0.21259842519685046, 0.2578125)","(0.1796875, -0.21259842519685046, 0.3359375)",right,0
4,22,"(0.7265625, -0.21259842519685046, -1.0)","(0.7265625, -0.21259842519685046, -1.0)","(0.7265625, -0.055118110236220486, -1.0)",left,1
4,23,"(0.1796875, -0.21259842519685046, 0.2578125)","(0.1796875, -0.21259842519685046, 0.2578125)","(0.1796875, -0.21259842519685046, -0.21259842519685046)",left,1
4,24,"(0.3359375, -1.0, -0.7637795275590551)","(0.3359375, -1.0, -0.7637795275590551)","(0.1796875, -1.0, -0.7637795275590551)",left,1
4,25,"(0.7265625, -0.13385826771653542, -1.0)","(0.7265625, -0.13385826771653542, -1.0)","(0.7265625, 0.2578125, -1.0)",left,1
4,26,"(-0.21259842519685046, 0.2578125, -1.0)","(-0.21259842519685046, -0.21259842519685046, -1.0)","(-0.21259842519685046, 0.2578125, -1.0)",right,1
4,27,"(0.1796875, -0.21259842519685046, -0.13385826771653542)","(0.1796875, -0.21259842519685046, -0.13385826771653542)","(0.1796875, -0.21259842519685046, 0.2578125)",left,1
4,28,"(-1.0, -0.6062992125984252, 0.1015625)","(-1.0, -0.6062992125984252, -0.13385826771653542)","(-1.0, -0.6062992125984252, 0.1015625)",right,1
4,29,"(0.7265625, 0.1796875, -1.0)","(0.7265625, 0.1796875, -1.0)","(0.7265625, 0.3359375, -1.0)",left,1
4,30,"(0.7265625, 0.1796875, -1.0)","(0.7265625, 0.1796875, -1.0)","(0.7265625, -0.055118110236220486, -1.0)",left,1
4,31,"(0.7265625, 0.1796875, -1.0)","(0.7265625, 0.0234375, -1.0)","(0.7265625, 0.1796875, -1.0)",right,1
4,32,"(0.1796875, -0.21259842519685046, -0.055118110236220486)","(0.1796875, -0.21259842519685046, 0.1015625)","(0.1796875, -0.21259842519685046, -0.055118110236220486)",right,1
4,33,"(-1.0, -0.6062992125984252, -0.21259842519685046)","(-1.0, -0.6062992125984252, 0.0234375)","(-1.0, -0.6062992125984252, -0.21259842519685046)",right,1
4,34,"(-0.21259842519685046, 0.0234375, -1.0)","(-0.21259842519685046, 0.0234375, -1.0)","(-0.21259842519685046, -0.055118110236220486, -1.0)",right,0
4,35,"(-0.21259842519685046, 0.2578125, -1.0)","(-0.21259842519685046, -0.055118110236220486, -1.0)","(-0.21259842519685046, 0.2578125, -1.0)",right,1
4,36,"(0.3359375, -1.0, -0.7637795275590551)","(-0.21259842519685046, -1.0, -0.7637795275590551)","(0.3359375, -1.0, -0.7637795275590551)",right,1
4,37,"(0.7265625, -0.055118110236220486, -1.0)","(0.7265625, 0.0234375, -1.0)","(0.7265625, -0.055118110236220486, -1.0)",left,0
4,38,"(0.1796875, -0.21259842519685046, 0.2578125)","(0.1796875, -0.21259842519685046, 0.0234375)","(0.1796875, -0.21259842519685046, 0.2578125)",right,1
4,39,"(0.7265625, 0.0234375, -1.0)","(0.7265625, 0.0234375, -1.0)","(0.7265625, 0.1015625, -1.0)",right,0
4,40,"(-0.055118110236220486, -1.0, -0.7637795275590551)","(-0.055118110236220486, -1.0, -0.7637795275590551)","(0.0234375, -1.0, -0.7637795275590551)",right,0
4,41,"(0.1796875, -0.21259842519685046, 0.1796875)","(0.1796875, -0.21259842519685046, -0.055118110236220486)","(0.1796875, -0.21259842519685046, 0.1796875)",right,1
4,42,"(0.7265625, 0.2578125, -1.0)","(0.7265625, 0.2578125, -1.0)","(0.7265625, -0.13385826771653542, -1.0)",left,1
4,43,"(0.1796875, -0.21259842519685046, 0.1015625)","(0.1796875, -0.21259842519685046, -0.21259842519685046)","(0.1796875, -0.21259842519685046, 0.1015625)",right,1
4,44,"(-1.0, -0.6062992125984252, 0.3359375)","(-1.0, -0.6062992125984252, 0.1015625)","(-1.0, -0.6062992125984252, 0.3359375)",right,1
4,45,"(0.1796875, -0.21259842519685046, 0.1015625)","(0.1796875, -0.21259842519685046, 0.1015625)","(0.1796875, -0.21259842519685046, 0.3359375)",left,1
4,46,"(-0.055118110236220486, -1.0, -0.7637795275590551)","(0.2578125, -1.0, -0.7637795275590551)","(-0.055118110236220486, -1.0, -0.7637795275590551)",right,1
4,47,"(0.1796875, -0.21259842519685046, -0.13385826771653542)","(0.1796875, -0.21259842519685046, -0.13385826771653542)","(0.1796875, -0.21259842519685046, 0.0234375)",left,1
4,48,"(-0.21259842519685046, -0.055118110236220486, -1.0)","(-0.21259842519685046, 0.1796875, -1.0)","(-0.21259842519685046, -0.055118110236220486, -1.0)",right,1
4,49,"(0.1796875, -0.21259842519685046, 0.2578125)","(0.1796875, -0.21259842519685046, 0.2578125)","(0.1796875, -0.21259842519685046, 0.1015625)",right,0
4,50,"(-1.0, -0.6062992125984252, 0.1796875)","(-1.0, -0.6062992125984252, 0.1796875)","(-1.0, -0.6062992125984252, 0.3359375)",left,1
4,51,"(0.7265625, 0.2578125, -1.0)","(0.7265625, 0.2578125, -1.0)","(0.7265625, -0.21259842519685046, -1.0)",left,1
4,52,"(-0.21259842519685046, 0.3359375, -1.0)","(-0.21259842519685046, 0.0234375, -1.0)","(-0.21259842519685046, 0.3359375, -1.0)",right,1
4,53,"(0.2578125, -1.0, -0.7637795275590551)","(0.2578125, -1.0, -0.7637795275590551)","(0.1015625, -1.0, -0.7637795275590551)",left,1
4,54,"(0.7265625, 0.0234375, -1.0)","(0.7265625, -0.055118110236220486, -1.0)","(0.7265625, 0.0234375, -1.0)",right,1
4,55,"(-0.21259842519685046, -0.13385826771653542, -1.0)","(-0.21259842519685046, 0.1015625, -1.0)","(-0.21259842519685046, -0.13385826771653542, -1.0)",right,1
4,56,"(-0.21259842519685046, -0.21259842519685046, -1.0)","(-0.21259842519685046, 0.0234375, -1.0)","(-0.21259842519685046, -0.21259842519685046, -1.0)",right,1
4,57,"(-1.0, -0.6062992125984252, 0.3359375)","(-1.0, -0.6062992125984252, -0.055118110236220486)","(-1.0, -0.6062992125984252, 0.3359375)",left,0
4,58,"(0.2578125, -1.0, -0.7637795275590551)","(-0.055118110236220486, -1.0, -0.7637795275590551)","(0.2578125, -1.0, -0.7637795275590551)",left,0
4,59,"(-0.21259842519685046, 0.1796875, -1.0)","(-0.21259842519685046, 0.1015625, -1.0)","(-0.21259842519685046, 0.1796875, -1.0)",right,1
4,60,"(-1.0, -0.6062992125984252, -0.055118110236220486)","(-1.0, -0.6062992125984252, 0.1796875)","(-1.0, -0.6062992125984252, -0.055118110236220486)",right,1
4,61,"(-1.0, -0.6062992125984252, -0.13385826771653542)","(-1.0, -0.6062992125984252, 0.1015625)","(-1.0, -0.6062992125984252, -0.13385826771653542)",right,1
4,62,"(-0.21259842519685046, 0.2578125, -1.0)","(-0.21259842519685046, 0.2578125, -1.0)","(-0.21259842519685046, -0.13385826771653542, -1.0)",left,1
4,63,"(0.7265625, 0.1015625, -1.0)","(0.7265625, -0.13385826771653542, -1.0)","(0.7265625, 0.1015625, -1.0)",right,1
4,64,"(-1.0, -0.6062992125984252, 0.0234375)","(-1.0, -0.6062992125984252, 0.0234375)","(-1.0, -0.6062992125984252, -0.13385826771653542)",left,1
4,65,"(-0.21259842519685046, 0.1015625, -1.0)","(-0.21259842519685046, 0.0234375, -1.0)","(-0.21259842519685046, 0.1015625, -1.0)",left,0
4,66,"(-1.0, -0.6062992125984252, -0.055118110236220486)","(-1.0, -0.6062992125984252, 0.3359375)","(-1.0, -0.6062992125984252, -0.055118110236220486)",right,1
4,67,"(0.1796875, -1.0, -0.7637795275590551)","(0.1015625, -1.0, -0.7637795275590551)","(0.1796875, -1.0, -0.7637795275590551)",right,1
4,68,"(0.7265625, 0.3359375, -1.0)","(0.7265625, 0.3359375, -1.0)","(0.7265625, -0.13385826771653542, -1.0)",left,1
4,69,"(0.0234375, -1.0, -0.7637795275590551)","(-0.21259842519685046, -1.0, -0.7637795275590551)","(0.0234375, -1.0, -0.7637795275590551)",right,1
4,70,"(0.1015625, -1.0, -0.7637795275590551)","(0.1015625, -1.0, -0.7637795275590551)","(0.2578125, -1.0, -0.7637795275590551)",right,0
4,71,"(-0.21259842519685046, -0.21259842519685046, -1.0)","(-0.21259842519685046, -0.21259842519685046, -1.0)","(-0.21259842519685046, 0.3359375, -1.0)",left,1
4,72,"(0.2578125, -1.0, -0.7637795275590551)","(0.3359375, -1.0, -0.7637795275590551)","(0.2578125, -1.0, -0.7637795275590551)",right,1
4,73,"(-0.21259842519685046, -0.13385826771653542, -1.0)","(-0.21259842519685046, 0.0234375, -1.0)","(-0.21259842519685046, -0.13385826771653542, -1.0)",right,1
4,74,"(-0.21259842519685046, -1.0, -0.7637795275590551)","(-0.055118110236220486, -1.0, -0.7637795275590551)","(-0.21259842519685046, -1.0, -0.7637795275590551)",right,1
4,75,"(0.7265625, 0.3359375, -1.0)","(0.7265625, 0.3359375, -1.0)","(0.7265625, 0.1796875, -1.0)",left,1
4,76,"(0.1796875, -0.21259842519685046, -0.055118110236220486)","(0.1796875, -0.21259842519685046, 0.3359375)","(0.1796875, -0.21259842519685046, -0.055118110236220486)",right,1
4,77,"(0.1796875, -0.21259842519685046, 0.2578125)","(0.1796875, -0.21259842519685046, 0.3359375)","(0.1796875, -0.21259842519685046, 0.2578125)",right,1
4,78,"(0.1796875, -0.21259842519685046, 0.1796875)","(0.1796875, -0.21259842519685046, 0.1015625)","(0.1796875, -0.21259842519685046, 0.1796875)",right,1
4,79,"(-0.055118110236220486, -1.0, -0.7637795275590551)","(-0.055118110236220486, -1.0, -0.7637795275590551)","(0.3359375, -1.0, -0.7637795275590551)",left,1
4,80,"(-1.0, -0.6062992125984252, 0.1796875)","(-1.0, -0.6062992125984252, 0.2578125)","(-1.0, -0.6062992125984252, 0.1796875)",left,0
4,81,"(0.1796875, -0.21259842519685046, -0.13385826771653542)","(0.1796875, -0.21259842519685046, 0.1015625)","(0.1796875, -0.21259842519685046, -0.13385826771653542)",right,1
4,82,"(0.7265625, -0.13385826771653542, -1.0)","(0.7265625, -0.055118110236220486, -1.0)","(0.7265625, -0.13385826771653542, -1.0)",right,1
4,83,"(-0.21259842519685046, -0.055118110236220486, -1.0)","(-0.21259842519685046, -0.055118110236220486, -1.0)","(-0.21259842519685046, 0.1015625, -1.0)",left,1
4,84,"(0.7265625, 0.2578125, -1.0)","(0.7265625, 0.1796875, -1.0)","(0.7265625, 0.2578125, -1.0)",left,0
4,85,"(-1.0, -0.6062992125984252, -0.13385826771653542)","(-1.0, -0.6062992125984252, -0.13385826771653542)","(-1.0, -0.6062992125984252, 0.1796875)",left,1
4,86,"(-1.0, -0.6062992125984252, 0.3359375)","(-1.0, -0.6062992125984252, 0.3359375)","(-1.0, -0.6062992125984252, 0.2578125)",left,1
4,87,"(0.1796875, -0.21259842519685046, 0.3359375)","(0.1796875, -0.21259842519685046, 0.3359375)","(0.1796875, -0.21259842519685046, -0.13385826771653542)",left,1
4,88,"(-0.21259842519685046, 0.1796875, -1.0)","(-0.21259842519685046, 0.1796875, -1.0)","(-0.21259842519685046, 0.2578125, -1.0)",right,0
4,89,"(-1.0, -0.6062992125984252, 0.3359375)","(-1.0, -0.6062992125984252, 0.3359375)","(-1.0, -0.6062992125984252, 0.0234375)",left,1
4,90,"(-1.0, -0.6062992125984252, 0.1015625)","(-1.0, -0.6062992125984252, 0.1015625)","(-1.0, -0.6062992125984252, 0.0234375)",left,1
4,91,"(-0.21259842519685046, -0.13385826771653542, -1.0)","(-0.21259842519685046, 0.1796875, -1.0)","(-0.21259842519685046, -0.13385826771653542, -1.0)",right,1
4,92,"(0.0234375, -1.0, -0.7637795275590551)","(0.0234375, -1.0, -0.7637795275590551)","(0.1015625, -1.0, -0.7637795275590551)",left,1
4,93,"(0.7265625, -0.21259842519685046, -1.0)","(0.7265625, -0.21259842519685046, -1.0)","(0.7265625, 0.2578125, -1.0)",left,1
4,94,"(-0.21259842519685046, 0.0234375, -1.0)","(-0.21259842519685046, 0.1015625, -1.0)","(-0.21259842519685046, 0.0234375, -1.0)",right,1
4,95,"(0.7265625, 0.1015625, -1.0)","(0.7265625, 0.1015625, -1.0)","(0.7265625, 0.0234375, -1.0)",right,0
4,96,"(0.1796875, -1.0, -0.7637795275590551)","(0.1796875, -1.0, -0.7637795275590551)","(0.3359375, -1.0, -0.7637795275590551)",left,1
4,97,"(-0.21259842519685046, -0.055118110236220486, -1.0)","(-0.21259842519685046, -0.055118110236220486, -1.0)","(-0.21259842519685046, 0.1796875, -1.0)",left,1
4,98,"(0.1015625, -1.0, -0.7637795275590551)","(0.1015625, -1.0, -0.7637795275590551)","(0.3359375, -1.0, -0.7637795275590551)",left,1
4,99,"(-0.055118110236220486, -1.0, -0.7637795275590551)","(-0.13385826771653542, -1.0, -0.7637795275590551)","(-0.055118110236220486, -1.0, -0.7637795275590551)",left,0
4,100,"(-0.21259842519685046, 0.2578125, -1.0)","(-0.21259842519685046, 0.2578125, -1.0)","(-0.21259842519685046, -0.055118110236220486, -1.0)",right,0
4,101,"(-1.0, -0.6062992125984252, 0.1796875)","(-1.0, -0.6062992125984252, -0.055118110236220486)","(-1.0, -0.6062992125984252, 0.1796875)",right,1
4,102,"(0.0234375, -1.0, -0.7637795275590551)","(-0.13385826771653542, -1.0, -0.7637795275590551)","(0.0234375, -1.0, -0.7637795275590551)",right,1
4,103,"(0.0234375, -1.0, -0.7637795275590551)","(0.0234375, -1.0, -0.7637795275590551)","(0.2578125, -1.0, -0.7637795275590551)",right,0
4,104,"(-0.21259842519685046, 0.0234375, -1.0)","(-0.21259842519685046, 0.3359375, -1.0)","(-0.21259842519685046, 0.0234375, -1.0)",right,1
4,105,"(0.7265625, 0.1015625, -1.0)","(0.7265625, 0.1015625, -1.0)","(0.7265625, 0.3359375, -1.0)",left,1
4,106,"(0.7265625, -0.21259842519685046, -1.0)","(0.7265625, -0.21259842519685046, -1.0)","(0.7265625, 0.3359375, -1.0)",left,1
4,107,"(0.1796875, -0.21259842519685046, -0.13385826771653542)","(0.1796875, -0.21259842519685046, -0.21259842519685046)","(0.1796875, -0.21259842519685046, -0.13385826771653542)",left,0
4,108,"(0.7265625, -0.13385826771653542, -1.0)","(0.7265625, -0.13385826771653542, -1.0)","(0.7265625, 0.0234375, -1.0)",left,1
4,109,"(-0.21259842519685046, 0.1796875, -1.0)","(-0.21259842519685046, -0.21259842519685046, -1.0)","(-0.21259842519685046, 0.1796875, -1.0)",right,1
4,110,"(-1.0, -0.6062992125984252, -0.21259842519685046)","(-1.0, -0.6062992125984252, -0.21259842519685046)","(-1.0, -0.6062992125984252, 0.1015625)",right,0
4,111,"(0.1796875, -0.21259842519685046, -0.21259842519685046)","(0.1796875, -0.21259842519685046, -0.21259842519685046)","(0.1796875, -0.21259842519685046, 0.1796875)",left,1
4,112,"(-0.21259842519685046, -0.21259842519685046, -1.0)","(-0.21259842519685046, 0.2578125, -1.0)","(-0.21259842519685046, -0.21259842519685046, -1.0)",right,1
4,113,"(-1.0, -0.6062992125984252, 0.0234375)","(-1.0, -0.6062992125984252, 0.0234375)","(-1.0, -0.6062992125984252, 0.1015625)",left,1
4,114,"(-1.0, -0.6062992125984252, 0.1015625)","(-1.0, -0.6062992125984252, 0.1015625)","(-1.0, -0.6062992125984252, 0.2578125)",right,0
4,115,"(0.1796875, -0.21259842519685046, 0.0234375)","(0.1796875, -0.21259842519685046, 0.0234375)","(0.1796875, -0.21259842519685046, -0.21259842519685046)",left,1
4,116,"(-1.0, -0.6062992125984252, 0.2578125)","(-1.0, -0.6062992125984252, 0.2578125)","(-1.0, -0.6062992125984252, 0.1015625)",left,1
4,117,"(0.1796875, -0.21259842519685046, 0.1015625)","(0.1796875, -0.21259842519685046, 0.1015625)","(0.1796875, -0.21259842519685046, 0.2578125)",left,1
4,118,"(0.1796875, -1.0, -0.7637795275590551)","(-0.21259842519685046, -1.0, -0.7637795275590551)","(0.1796875, -1.0, -0.7637795275590551)",right,1
4,119,"(0.7265625, 0.1015625, -1.0)","(0.7265625, -0.21259842519685046, -1.0)","(0.7265625, 0.1015625, -1.0)",right,1
4,120,"(0.1796875, -0.21259842519685046, -0.13385826771653542)","(0.1796875, -0.21259842519685046, -0.13385826771653542)","(0.1796875, -0.21259842519685046, -0.21259842519685046)",left,1
4,121,"(0.1796875, -0.21259842519685046, -0.21259842519685046)","(0.1796875, -0.21259842519685046, -0.21259842519685046)","(0.1796875, -0.21259842519685046, 0.2578125)",left,1
4,122,"(0.1796875, -0.21259842519685046, -0.055118110236220486)","(0.1796875, -0.21259842519685046, 0.2578125)","(0.1796875, -0.21259842519685046, -0.055118110236220486)",right,1
4,123,"(0.7265625, -0.21259842519685046, -1.0)","(0.7265625, -0.21259842519685046, -1.0)","(0.7265625, 0.0234375, -1.0)",left,1
4,124,"(-0.13385826771653542, -1.0, -0.7637795275590551)","(-0.055118110236220486, -1.0, -0.7637795275590551)","(-0.13385826771653542, -1.0, -0.7637795275590551)",left,0
4,125,"(0.7265625, -0.21259842519685046, -1.0)","(0.7265625, 0.0234375, -1.0)","(0.7265625, -0.21259842519685046, -1.0)",right,1
4,126,"(-1.0, -0.6062992125984252, 0.1796875)","(-1.0, -0.6062992125984252, 0.1796875)","(-1.0, -0.6062992125984252, 0.1015625)",left,1
4,127,"(-0.13385826771653542, -1.0, -0.7637795275590551)","(0.0234375, -1.0, -0.7637795275590551)","(-0.13385826771653542, -1.0, -0.7637795275590551)",right,1
4,128,"(-0.21259842519685046, 0.0234375, -1.0)","(-0.21259842519685046, 0.0234375, -1.0)","(-0.21259842519685046, 0.2578125, -1.0)",left,1
4,129,"(0.0234375, -1.0, -0.7637795275590551)","(0.0234375, -1.0, -0.7637795275590551)","(-0.055118110236220486, -1.0, -0.7637795275590551)",left,1
4,130,"(-0.21259842519685046, 0.1796875, -1.0)","(-0.21259842519685046, 0.1796875, -1.0)","(-0.21259842519685046, 0.1015625, -1.0)",left,1
4,131,"(0.7265625, 0.1015625, -1.0)","(0.7265625, 0.1015625, -1.0)","(0.7265625, -0.21259842519685046, -1.0)",left,1
4,132,"(0.1015625, -1.0, -0.7637795275590551)","(-0.21259842519685046, -1.0, -0.7637795275590551)","(0.1015625, -1.0, -0.7637795275590551)",right,1
4,133,"(0.7265625, 0.2578125, -1.0)","(0.7265625, 0.3359375, -1.0)","(0.7265625, 0.2578125, -1.0)",left,0
4,134,"(0.1796875, -0.21259842519685046, -0.055118110236220486)","(0.1796875, -0.21259842519685046, -0.055118110236220486)","(0.1796875, -0.21259842519685046, 0.0234375)",left,1
4,135,"(0.1796875, -0.21259842519685046, -0.13385826771653542)","(0.1796875, -0.21259842519685046, -0.13385826771653542)","(0.1796875, -0.21259842519685046, 0.1015625)",left,1
4,136,"(0.7265625, -0.13385826771653542, -1.0)","(0.7265625, -0.13385826771653542, -1.0)","(0.7265625, 0.1796875, -1.0)",left,1
4,137,"(0.1796875, -0.21259842519685046, -0.13385826771653542)","(0.1796875, -0.21259842519685046, 0.1796875)","(0.1796875, -0.21259842519685046, -0.13385826771653542)",right,1
4,138,"(0.7265625, 0.0234375, -1.0)","(0.7265625, 0.0234375, -1.0)","(0.7265625, -0.13385826771653542, -1.0)",left,1
4,139,"(0.7265625, -0.13385826771653542, -1.0)","(0.7265625, 0.1796875, -1.0)","(0.7265625, -0.13385826771653542, -1.0)",right,1
4,140,"(0.1796875, -0.21259842519685046, 0.3359375)","(0.1796875, -0.21259842519685046, 0.3359375)","(0.1796875, -0.21259842519685046, 0.1796875)",left,1
4,141,"(-1.0, -0.6062992125984252, -0.13385826771653542)","(-1.0, -0.6062992125984252, -0.13385826771653542)","(-1.0, -0.6062992125984252, -0.055118110236220486)",left,1
4,142,"(0.2578125, -1.0, -0.7637795275590551)","(-0.13385826771653542, -1.0, -0.7637795275590551)","(0.2578125, -1.0, -0.7637795275590551)",right,1
4,143,"(0.7265625, 0.2578125, -1.0)","(0.7265625, 0.2578125, -1.0)","(0.7265625, 0.1796875, -1.0)",left,1
4,144,"(0.0234375, -1.0, -0.7637795275590551)","(0.3359375, -1.0, -0.7637795275590551)","(0.0234375, -1.0, -0.7637795275590551)",right,1
4,145,"(-0.21259842519685046, 0.1796875, -1.0)","(-0.21259842519685046, 0.1796875, -1.0)","(-0.21259842519685046, -0.21259842519685046, -1.0)",left,1
4,146,"(0.1796875, -0.21259842519685046, 0.0234375)","(0.1796875, -0.21259842519685046, 0.0234375)","(0.1796875, -0.21259842519685046, -0.13385826771653542)",left,1
4,147,"(0.7265625, 0.0234375, -1.0)","(0.7265625, 0.0234375, -1.0)","(0.7265625, 0.3359375, -1.0)",left,1
4,148,"(0.7265625, 0.3359375, -1.0)","(0.7265625, -0.055118110236220486, -1.0)","(0.7265625, 0.3359375, -1.0)",left,0
4,149,"(0.2578125, -1.0, -0.7637795275590551)","(0.2578125, -1.0, -0.7637795275590551)","(0.1796875, -1.0, -0.7637795275590551)",left,1
4,150,"(-0.055118110236220486, -1.0, -0.7637795275590551)","(-0.21259842519685046, -1.0, -0.7637795275590551)","(-0.055118110236220486, -1.0, -0.7637795275590551)",right,1
4,151,"(-0.21259842519685046, -0.21259842519685046, -1.0)","(-0.21259842519685046, -0.21259842519685046, -1.0)","(-0.21259842519685046, 0.1015625, -1.0)",left,1
4,152,"(0.7265625, 0.1796875, -1.0)","(0.7265625, 0.1796875, -1.0)","(0.7265625, -0.21259842519685046, -1.0)",left,1
4,153,"(0.7265625, -0.21259842519685046, -1.0)","(0.7265625, -0.21259842519685046, -1.0)","(0.7265625, -0.13385826771653542, -1.0)",left,1
4,154,"(0.7265625, 0.1015625, -1.0)","(0.7265625, 0.1796875, -1.0)","(0.7265625, 0.1015625, -1.0)",left,0
4,155,"(0.1796875, -0.21259842519685046, -0.21259842519685046)","(0.1796875, -0.21259842519685046, -0.21259842519685046)","(0.1796875, -0.21259842519685046, -0.055118110236220486)",left,1
4,156,"(0.7265625, 0.3359375, -1.0)","(0.7265625, -0.13385826771653542, -1.0)","(0.7265625, 0.3359375, -1.0)",left,0
4,157,"(-1.0, -0.6062992125984252, -0.055118110236220486)","(-1.0, -0.6062992125984252, -0.055118110236220486)","(-1.0, -0.6062992125984252, 0.1015625)",left,1
4,158,"(0.1796875, -1.0, -0.7637795275590551)","(0.0234375, -1.0, -0.7637795275590551)","(0.1796875, -1.0, -0.7637795275590551)",right,1
4,159,"(-0.21259842519685046, 0.3359375, -1.0)","(-0.21259842519685046, 0.3359375, -1.0)","(-0.21259842519685046, 0.1015625, -1.0)",left,1
4,160,"(-1.0, -0.6062992125984252, 0.0234375)","(-1.0, -0.6062992125984252, 0.0234375)","(-1.0, -0.6062992125984252, 0.1796875)",left,1
4,161,"(-0.21259842519685046, -0.13385826771653542, -1.0)","(-0.21259842519685046, -0.13385826771653542, -1.0)","(-0.21259842519685046, -0.055118110236220486, -1.0)",left,1
4,162,"(0.1796875, -0.21259842519685046, 0.0234375)","(0.1796875, -0.21259842519685046, 0.3359375)","(0.1796875, -0.21259842519685046, 0.0234375)",right,1
4,163,"(0.1796875, -0.21259842519685046, 0.3359375)","(0.1796875, -0.21259842519685046, 0.1796875)","(0.1796875, -0.21259842519685046, 0.3359375)",right,1
4,164,"(-0.21259842519685046, 0.3359375, -1.0)","(-0.21259842519685046, 0.3359375, -1.0)","(-0.21259842519685046, 0.1796875, -1.0)",left,1
4,165,"(-0.21259842519685046, -0.055118110236220486, -1.0)","(-0.21259842519685046, -0.055118110236220486, -1.0)","(-0.21259842519685046, 0.0234375, -1.0)",left,1
4,166,"(0.1796875, -0.21259842519685046, 0.1796875)","(0.1796875, -0.21259842519685046, 0.1796875)","(0.1796875, -0.21259842519685046, 0.0234375)",left,1
4,167,"(-1.0, -0.6062992125984252, 0.1015625)","(-1.0, -0.6062992125984252, 0.1015625)","(-1.0, -0.6062992125984252, -0.055118110236220486)",left,1
4,168,"(0.2578125, -1.0, -0.7637795275590551)","(0.2578125, -1.0, -0.7637795275590551)","(0.0234375, -1.0, -0.7637795275590551)",left,1
4,169,"(0.7265625, 0.2578125, -1.0)","(0.7265625, -0.055118110236220486, -1.0)","(0.7265625, 0.2578125, -1.0)",right,1
4,170,"(0.0234375, -1.0, -0.7637795275590551)","(0.0234375, -1.0, -0.7637795275590551)","(0.3359375, -1.0, -0.7637795275590551)",left,1
4,171,"(-1.0, -0.6062992125984252, 0.3359375)","(-1.0, -0.6062992125984252, 0.3359375)","(-1.0, -0.6062992125984252, 0.1015625)",left,1
4,172,"(0.7265625, 0.1015625, -1.0)","(0.7265625, 0.3359375, -1.0)","(0.7265625, 0.1015625, -1.0)",left,0
4,173,"(-1.0, -0.6062992125984252, 0.1796875)","(-1.0, -0.6062992125984252, 0.1796875)","(-1.0, -0.6062992125984252, 0.0234375)",left,1
4,174,"(-0.21259842519685046, 0.3359375, -1.0)","(-0.21259842519685046, 0.1015625, -1.0)","(-0.21259842519685046, 0.3359375, -1.0)",right,1
4,175,"(-1.0, -0.6062992125984252, -0.21259842519685046)","(-1.0, -0.6062992125984252, 0.1015625)","(-1.0, -0.6062992125984252, -0.21259842519685046)",right,1
4,176,"(-1.0, -0.6062992125984252, 0.3359375)","(-1.0, -0.6062992125984252, 0.3359375)","(-1.0, -0.6062992125984252, -0.13385826771653542)",left,1
4,177,"(0.7265625, 0.2578125, -1.0)","(0.7265625, 0.1015625, -1.0)","(0.7265625, 0.2578125, -1.0)",right,1
4,178,"(0.1796875, -0.21259842519685046, 0.1796875)","(0.1796875, -0.21259842519685046, 0.0234375)","(0.1796875, -0.21259842519685046, 0.1796875)",right,1
4,179,"(0.7265625, -0.055118110236220486, -1.0)","(0.7265625, -0.055118110236220486, -1.0)","(0.7265625, 0.1015625, -1.0)",left,1
4,180,"(0.1796875, -0.21259842519685046, 0.2578125)","(0.1796875, -0.21259842519685046, 0.2578125)","(0.1796875, -0.21259842519685046, 0.1796875)",left,1
4,181,"(-1.0, -0.6062992125984252, 0.0234375)","(-1.0, -0.6062992125984252, -0.055118110236220486)","(-1.0, -0.6062992125984252, 0.0234375)",right,1
4,182,"(0.1796875, -0.21259842519685046, -0.21259842519685046)","(0.1796875, -0.21259842519685046, -0.21259842519685046)","(0.1796875, -0.21259842519685046, 0.3359375)",left,1
4,183,"(0.1015625, -1.0, -0.7637795275590551)","(0.1015625, -1.0, -0.7637795275590551)","(0.0234375, -1.0, -0.7637795275590551)",left,1
4,184,"(0.1796875, -0.21259842519685046, 0.1015625)","(0.1796875, -0.21259842519685046, 0.0234375)","(0.1796875, -0.21259842519685046, 0.1015625)",right,1
4,185,"(-1.0, -0.6062992125984252, 0.3359375)","(-1.0, -0.6062992125984252, -0.21259842519685046)","(-1.0, -0.6062992125984252, 0.3359375)",right,1
4,186,"(0.1796875, -0.21259842519685046, 0.3359375)","(0.1796875, -0.21259842519685046, 0.3359375)","(0.1796875, -0.21259842519685046, -0.21259842519685046)",left,1
4,187,"(0.1015625, -1.0, -0.7637795275590551)","(0.1796875, -1.0, -0.7637795275590551)","(0.1015625, -1.0, -0.7637795275590551)",left,0
4,188,"(-0.21259842519685046, 0.2578125, -1.0)","(-0.21259842519685046, 0.2578125, -1.0)","(-0.21259842519685046, 0.1015625, -1.0)",left,1
4,189,"(-0.21259842519685046, -0.13385826771653542, -1.0)","(-0.21259842519685046, -0.13385826771653542, -1.0)","(-0.21259842519685046, -0.21259842519685046, -1.0)",left,1
4,190,"(-1.0, -0.6062992125984252, 0.1015625)","(-1.0, -0.6062992125984252, 0.1015625)","(-1.0, -0.6062992125984252, 0.1796875)",left,1
4,191,"(0.1796875, -0.21259842519685046, -0.21259842519685046)","(0.1796875, -0.21259842519685046, -0.055118110236220486)","(0.1796875, -0.21259842519685046, -0.21259842519685046)",right,1
4,192,"(-0.055118110236220486, -1.0, -0.7637795275590551)","(-0.055118110236220486, -1.0, -0.7637795275590551)","(0.1015625, -1.0, -0.7637795275590551)",left,1
4,193,"(-1.0, -0.6062992125984252, 0.2578125)","(-1.0, -0.6062992125984252, 0.0234375)","(-1.0, -0.6062992125984252, 0.2578125)",right,1
4,194,"(-1.0, -0.6062992125984252, 0.3359375)","(-1.0, -0.6062992125984252, 0.3359375)","(-1.0, -0.6062992125984252, -0.21259842519685046)",left,1
4,195,"(0.0234375, -1.0, -0.7637795275590551)","(0.0234375, -1.0, -0.7637795275590551)","(-0.21259842519685046, -1.0, -0.7637795275590551)",left,1
4,196,"(-0.21259842519685046, -0.055118110236220486, -1.0)","(-0.21259842519685046, -0.055118110236220486, -1.0)","(-0.21259842519685046, 0.3359375, -1.0)",left,1
4,197,"(-0.21259842519685046, -0.13385826771653542, -1.0)","(-0.21259842519685046, 0.3359375, -1.0)","(-0.21259842519685046, -0.13385826771653542, -1.0)",right,1
4,198,"(0.7265625, 0.1796875, -1.0)","(0.7265625, 0.1015625, -1.0)","(0.7265625, 0.1796875, -1.0)",right,1
4,199,"(-1.0, -0.6062992125984252, 0.2578125)","(-1.0, -0.6062992125984252, 0.1796875)","(-1.0, -0.6062992125984252, 0.2578125)",right,1
4,200,"(-0.21259842519685046, 0.0234375, -1.0)","(-0.21259842519685046, 0.2578125, -1.0)","(-0.21259842519685046, 0.0234375, -1.0)",right,1
4,201,"(-1.0, -0.6062992125984252, -0.13385826771653542)","(-1.0, -0.6062992125984252, -0.055118110236220486)","(-1.0, -0.6062992125984252, -0.13385826771653542)",left,0
4,202,"(0.7265625, -0.13385826771653542, -1.0)","(0.7265625, -0.13385826771653542, -1.0)","(0.7265625, -0.055118110236220486, -1.0)",left,1
4,203,"(0.1796875, -0.21259842519685046, 0.1015625)","(0.1796875, -0.21259842519685046, 0.3359375)","(0.1796875, -0.21259842519685046, 0.1015625)",right,1
4,204,"(-0.21259842519685046, -0.13385826771653542, -1.0)","(-0.21259842519685046, -0.13385826771653542, -1.0)","(-0.21259842519685046, 0.2578125, -1.0)",left,1
4,205,"(-0.21259842519685046, 0.0234375, -1.0)","(-0.21259842519685046, -0.13385826771653542, -1.0)","(-0.21259842519685046, 0.0234375, -1.0)",left,0
4,206,"(-1.0, -0.6062992125984252, -0.055118110236220486)","(-1.0, -0.6062992125984252, -0.055118110236220486)","(-1.0, -0.6062992125984252, -0.21259842519685046)",left,1
4,207,"(0.7265625, 0.1796875, -1.0)","(0.7265625, -0.21259842519685046, -1.0)","(0.7265625, 0.1796875, -1.0)",right,1
4,208,"(-0.21259842519685046, 0.2578125, -1.0)","(-0.21259842519685046, 0.3359375, -1.0)","(-0.21259842519685046, 0.2578125, -1.0)",right,1
4,209,"(-1.0, -0.6062992125984252, -0.21259842519685046)","(-1.0, -0.6062992125984252, -0.13385826771653542)","(-1.0, -0.6062992125984252, -0.21259842519685046)",left,0
4,210,"(-1.0, -0.6062992125984252, -0.055118110236220486)","(-1.0, -0.6062992125984252, -0.055118110236220486)","(-1.0, -0.6062992125984252, 0.2578125)",left,1
4,211,"(-0.21259842519685046, -1.0, -0.7637795275590551)","(-0.13385826771653542, -1.0, -0.7637795275590551)","(-0.21259842519685046, -1.0, -0.7637795275590551)",left,0
4,212,"(0.3359375, -1.0, -0.7637795275590551)","(0.3359375, -1.0, -0.7637795275590551)","(-0.13385826771653542, -1.0, -0.7637795275590551)",left,1
4,213,"(-1.0, -0.6062992125984252, 0.1796875)","(-1.0, -0.6062992125984252, -0.21259842519685046)","(-1.0, -0.6062992125984252, 0.1796875)",right,1
4,214,"(0.1796875, -1.0, -0.7637795275590551)","(-0.055118110236220486, -1.0, -0.7637795275590551)","(0.1796875, -1.0, -0.7637795275590551)",right,1
4,215,"(0.2578125, -1.0, -0.7637795275590551)","(0.2578125, -1.0, -0.7637795275590551)","(-0.13385826771653542, -1.0, -0.7637795275590551)",left,1
4,216,"(-1.0, -0.6062992125984252, -0.21259842519685046)","(-1.0, -0.6062992125984252, 0.2578125)","(-1.0, -0.6062992125984252, -0.21259842519685046)",right,1
4,217,"(0.1796875, -1.0, -0.7637795275590551)","(0.1796875, -1.0, -0.7637795275590551)","(0.0234375, -1.0, -0.7637795275590551)",left,1
4,218,"(-0.21259842519685046, 0.1015625, -1.0)","(-0.21259842519685046, 0.1015625, -1.0)","(-0.21259842519685046, -0.055118110236220486, -1.0)",left,1
4,219,"(-0.21259842519685046, -0.055118110236220486, -1.0)","(-0.21259842519685046, -0.055118110236220486, -1.0)","(-0.21259842519685046, -0.13385826771653542, -1.0)",left,1
4,220,"(-0.21259842519685046, -0.21259842519685046, -1.0)","(-0.21259842519685046, -0.21259842519685046, -1.0)","(-0.21259842519685046, -0.055118110236220486, -1.0)",left,1
4,221,"(0.1796875, -0.21259842519685046, 0.0234375)","(0.1796875, -0.21259842519685046, -0.21259842519685046)","(0.1796875, -0.21259842519685046, 0.0234375)",right,1
4,222,"(-0.21259842519685046, 0.3359375, -1.0)","(-0.21259842519685046, 0.3359375, -1.0)","(-0.21259842519685046, -0.055118110236220486, -1.0)",left,1
4,223,"(0.2578125, -1.0, -0.7637795275590551)","(0.2578125, -1.0, -0.7637795275590551)","(-0.21259842519685046, -1.0, -0.7637795275590551)",left,1
4,224,"(0.7265625, 0.3359375, -1.0)","(0.7265625, 0.3359375, -1.0)","(0.7265625, 0.0234375, -1.0)",left,1
4,225,"(0.7265625, 0.1015625, -1.0)","(0.7265625, 0.2578125, -1.0)","(0.7265625, 0.1015625, -1.0)",left,0
4,226,"(0.1796875, -0.21259842519685046, -0.055118110236220486)","(0.1796875, -0.21259842519685046, -0.055118110236220486)","(0.1796875, -0.21259842519685046, 0.3359375)",left,1
4,227,"(0.1796875, -0.21259842519685046, 0.1796875)","(0.1796875, -0.21259842519685046, 0.1796875)","(0.1796875, -0.21259842519685046, 0.1015625)",left,1
4,228,"(-0.21259842519685046, 0.3359375, -1.0)","(-0.21259842519685046, 0.3359375, -1.0)","(-0.21259842519685046, -0.21259842519685046, -1.0)",left,1
4,229,"(0.1796875, -0.21259842519685046, 0.2578125)","(0.1796875, -0.21259842519685046, 0.2578125)","(0.1796875, -0.21259842519685046, -0.13385826771653542)",left,1
4,230,"(0.2578125, -1.0, -0.7637795275590551)","(-0.21259842519685046, -1.0, -0.7637795275590551)","(0.2578125, -1.0, -0.7637795275590551)",right,1
4,231,"(-1.0, -0.6062992125984252, 0.1796875)","(-1.0, -0.6062992125984252, 0.1796875)","(-1.0, -0.6062992125984252, -0.21259842519685046)",left,1
4,232,"(-0.21259842519685046, 0.3359375, -1.0)","(-0.21259842519685046, -0.13385826771653542, -1.0)","(-0.21259842519685046, 0.3359375, -1.0)",right,1
4,233,"(0.7265625, 0.2578125, -1.0)","(0.7265625, 0.2578125, -1.0)","(0.7265625, 0.0234375, -1.0)",left,1
4,234,"(-0.21259842519685046, 0.0234375, -1.0)","(-0.21259842519685046, 0.0234375, -1.0)","(-0.21259842519685046, 0.1796875, -1.0)",left,1
4,235,"(-0.21259842519685046, 0.3359375, -1.0)","(-0.21259842519685046, 0.2578125, -1.0)","(-0.21259842519685046, 0.3359375, -1.0)",left,0
4,236,"(0.1796875, -0.21259842519685046, 0.3359375)","(0.1796875, -0.21259842519685046, -0.13385826771653542)","(0.1796875, -0.21259842519685046, 0.3359375)",right,1
4,237,"(-0.21259842519685046, 0.0234375, -1.0)","(-0.21259842519685046, -0.21259842519685046, -1.0)","(-0.21259842519685046, 0.0234375, -1.0)",right,1
4,238,"(-1.0, -0.6062992125984252, 0.1796875)","(-1.0, -0.6062992125984252, 0.1796875)","(-1.0, -0.6062992125984252, -0.13385826771653542)",left,1
4,239,"(-0.21259842519685046, -1.0, -0.7637795275590551)","(0.1015625, -1.0, -0.7637795275590551)","(-0.21259842519685046, -1.0, -0.7637795275590551)",right,1
4,240,"(-1.0, -0.6062992125984252, 0.0234375)","(-1.0, -0.6062992125984252, -0.21259842519685046)","(-1.0, -0.6062992125984252, 0.0234375)",right,1
4,241,"(0.1796875, -0.21259842519685046, -0.13385826771653542)","(0.1796875, -0.21259842519685046, -0.13385826771653542)","(0.1796875, -0.21259842519685046, -0.055118110236220486)",right,0
4,242,"(0.2578125, -1.0, -0.7637795275590551)","(0.2578125, -1.0, -0.7637795275590551)","(0.3359375, -1.0, -0.7637795275590551)",right,0
4,243,"(0.3359375, -1.0, -0.7637795275590551)","(-0.13385826771653542, -1.0, -0.7637795275590551)","(0.3359375, -1.0, -0.7637795275590551)",right,1
4,244,"(-0.21259842519685046, 0.0234375, -1.0)","(-0.21259842519685046, 0.1796875, -1.0)","(-0.21259842519685046, 0.0234375, -1.0)",right,1
4,245,"(0.1796875, -1.0, -0.7637795275590551)","(-0.13385826771653542, -1.0, -0.7637795275590551)","(0.1796875, -1.0, -0.7637795275590551)",right,1
4,246,"(-0.21259842519685046, 0.3359375, -1.0)","(-0.21259842519685046, 0.1796875, -1.0)","(-0.21259842519685046, 0.3359375, -1.0)",right,1
4,247,"(-0.21259842519685046, 0.2578125, -1.0)","(-0.21259842519685046, 0.2578125, -1.0)","(-0.21259842519685046, 0.1796875, -1.0)",left,1
4,248,"(0.7265625, -0.055118110236220486, -1.0)","(0.7265625, -0.055118110236220486, -1.0)","(0.7265625, -0.21259842519685046, -1.0)",left,1
4,249,"(-0.21259842519685046, 0.1015625, -1.0)","(-0.21259842519685046, 0.1015625, -1.0)","(-0.21259842519685046, -0.21259842519685046, -1.0)",left,1
4,250,"(0.7265625, -0.055118110236220486, -1.0)","(0.7265625, 0.1015625, -1.0)","(0.7265625, -0.055118110236220486, -1.0)",right,1
4,251,"(-1.0, -0.6062992125984252, 0.3359375)","(-1.0, -0.6062992125984252, -0.13385826771653542)","(-1.0, -0.6062992125984252, 0.3359375)",right,1
4,252,"(-1.0, -0.6062992125984252, 0.2578125)","(-1.0, -0.6062992125984252, 0.2578125)","(-1.0, -0.6062992125984252, 0.3359375)",right,0
4,253,"(-0.13385826771653542, -1.0, -0.7637795275590551)","(-0.13385826771653542, -1.0, -0.7637795275590551)","(0.1015625, -1.0, -0.7637795275590551)",left,1
4,254,"(0.1796875, -0.21259842519685046, 0.2578125)","(0.1796875, -0.21259842519685046, 0.2578125)","(0.1796875, -0.21259842519685046, 0.0234375)",left,1
4,255,"(-1.0, -0.6062992125984252, -0.055118110236220486)","(-1.0, -0.6062992125984252, 0.0234375)","(-1.0, -0.6062992125984252, -0.055118110236220486)",left,0
4,256,"(-0.21259842519685046, 0.1015625, -1.0)","(-0.21259842519685046, -0.13385826771653542, -1.0)","(-0.21259842519685046, 0.1015625, -1.0)",right,1
4,257,"(0.1796875, -0.21259842519685046, 0.0234375)","(0.1796875, -0.21259842519685046, 0.1015625)","(0.1796875, -0.21259842519685046, 0.0234375)",left,0
4,258,"(-1.0, -0.6062992125984252, -0.055118110236220486)","(-1.0, -0.6062992125984252, -0.21259842519685046)","(-1.0, -0.6062992125984252, -0.055118110236220486)",right,1
4,259,"(0.1796875, -0.21259842519685046, -0.055118110236220486)","(0.1796875, -0.21259842519685046, -0.055118110236220486)","(0.1796875, -0.21259842519685046, 0.1015625)",left,1
4,260,"(-0.21259842519685046, 0.2578125, -1.0)","(-0.21259842519685046, 0.1015625, -1.0)","(-0.21259842519685046, 0.2578125, -1.0)",right,1
4,261,"(0.1796875, -0.21259842519685046, 0.2578125)","(0.1796875, -0.21259842519685046, 0.1796875)","(0.1796875, -0.21259842519685046, 0.2578125)",right,1
4,262,"(-1.0, -0.6062992125984252, 0.2578125)","(-1.0, -0.6062992125984252, 0.2578125)","(-1.0, -0.6062992125984252, -0.055118110236220486)",left,1
4,263,"(0.7265625, 0.2578125, -1.0)","(0.7265625, 0.2578125, -1.0)","(0.7265625, -0.055118110236220486, -1.0)",left,1
4,264,"(0.1796875, -0.21259842519685046, -0.13385826771653542)","(0.1796875, -0.21259842519685046, -0.13385826771653542)","(0.1796875, -0.21259842519685046, 0.1796875)",left,1
4,265,"(0.1796875, -0.21259842519685046, 0.1796875)","(0.1796875, -0.21259842519685046, 0.1796875)","(0.1796875, -0.21259842519685046, -0.21259842519685046)",left,1
4,266,"(-1.0, -0.6062992125984252, 0.1796875)","(-1.0, -0.6062992125984252, 0.3359375)","(-1.0, -0.6062992125984252, 0.1796875)",left,0
4,267,"(-1.0, -0.6062992125984252, -0.21259842519685046)","(-1.0, -0.6062992125984252, -0.21259842519685046)","(-1.0, -0.6062992125984252, 0.2578125)",left,1
4,268,"(0.1015625, -1.0, -0.7637795275590551)","(0.3359375, -1.0, -0.7637795275590551)","(0.1015625, -1.0, -0.7637795275590551)",right,1
4,269,"(-0.21259842519685046, -0.21259842519685046, -1.0)","(-0.21259842519685046, -0.055118110236220486, -1.0)","(-0.21259842519685046, -0.21259842519685046, -1.0)",right,1
4,270,"(-0.21259842519685046, 0.1796875, -1.0)","(-0.21259842519685046, -0.13385826771653542, -1.0)","(-0.21259842519685046, 0.1796875, -1.0)",right,1
4,271,"(0.7265625, -0.21259842519685046, -1.0)","(0.7265625, 0.3359375, -1.0)","(0.7265625, -0.21259842519685046, -1.0)",right,1
4,272,"(-0.13385826771653542, -1.0, -0.7637795275590551)","(0.1796875, -1.0, -0.7637795275590551)","(-0.13385826771653542, -1.0, -0.7637795275590551)",right,1
4,273,"(-1.0, -0.6062992125984252, -0.13385826771653542)","(-1.0, -0.6062992125984252, -0.13385826771653542)","(-1.0, -0.6062992125984252, 0.2578125)",left,1
4,274,"(0.7265625, 0.3359375, -1.0)","(0.7265625, 0.3359375, -1.0)","(0.7265625, -0.055118110236220486, -1.0)",left,1
4,275,"(0.7265625, 0.2578125, -1.0)","(0.7265625, 0.0234375, -1.0)","(0.7265625, 0.2578125, -1.0)",right,1
4,276,"(-1.0, -0.6062992125984252, 0.3359375)","(-1.0, -0.6062992125984252, 0.0234375)","(-1.0, -0.6062992125984252, 0.3359375)",right,1
4,277,"(0.1796875, -0.21259842519685046, -0.055118110236220486)","(0.1796875, -0.21259842519685046, -0.055118110236220486)","(0.1796875, -0.21259842519685046, 0.2578125)",left,1
4,278,"(-0.055118110236220486, -1.0, -0.7637795275590551)","(0.3359375, -1.0, -0.7637795275590551)","(-0.055118110236220486, -1.0, -0.7637795275590551)",right,1
4,279,"(0.7265625, -0.055118110236220486, -1.0)","(0.7265625, -0.055118110236220486, -1.0)","(0.7265625, 0.1796875, -1.0)",left,1
4,280,"(-0.13385826771653542, -1.0, -0.7637795275590551)","(0.1015625, -1.0, -0.7637795275590551)","(-0.13385826771653542, -1.0, -0.7637795275590551)",right,1
